URL,Meta Title,Title Length,Meta Description,Desc Length,H1,Word Count,Issues
https://www.prourlmonitor.com/,"ProURLMonitor - Free SEO Tools, Domain Authority Checker & URL Analysis",71,"ProURLMonitor offers 17+ free SEO tools including Domain Authority Checker, Broken Links Checker, HTTP Status Checker, Meta Tag Generator, and more. Analyze domains, check backlinks, and optimize your website for better search rankings.",236,Complete Domain & URL Intelligence Tools,1092,⚠️ Title too long (71 chars) | ⚠️ Description too long (236 chars)
https://www.prourlmonitor.com/login,MISSING,0,MISSING,0,MISSING,26,"❌ No meta title | ❌ No meta description | ❌ No H1 tag | ⚠️ Low word count (26 words, need 1000+)"
https://www.prourlmonitor.com/signup,MISSING,0,MISSING,0,MISSING,27,"❌ No meta title | ❌ No meta description | ❌ No H1 tag | ⚠️ Low word count (27 words, need 1000+)"
https://www.prourlmonitor.com/app/dashboard,MISSING,0,MISSING,0,MISSING,1,"❌ No meta title | ❌ No meta description | ❌ No H1 tag | ⚠️ Low word count (1 words, need 1000+)"
https://www.prourlmonitor.com/blog,"SEO Blog - Tips, Guides & Best Practices | ProURLMonitor",56,"Learn SEO tips, website optimization techniques, and digital marketing strategies. Free guides on HTTP status codes, broken links, and technical SEO.",149,SEO Blog & Guides,163,"⚠️ Low word count (163 words, need 1000+)"
https://www.prourlmonitor.com/tools/seo-audit,SEO Audit Tool - Complete Website SEO Analysis | ProURLMonitor,62,"Free SEO audit tool powered by Google PageSpeed Insights. Analyze 18+ SEO factors including Core Web Vitals, mobile-friendliness, and meta tags.",144,SEO Audit Tool,945,"⚠️ Title too long (62 chars) | ⚠️ Low word count (945 words, need 1000+)"
https://www.prourlmonitor.com/tools/meta-generator,Meta Tag Generator - Create SEO Title Tags & Meta Descriptions | ProURLMonitor,78,"Free meta tag generator tool. Create optimized title tags, meta descriptions, Open Graph tags, and Twitter Cards with character counter for perfect SEO.",152,Meta Tag Generator,1979,⚠️ Title too long (78 chars)
https://www.prourlmonitor.com/tools/schema-generator,Schema Markup Generator (JSON-LD) - Create Structured Data for Rich Snippets | ProURLMonitor,92,"Free schema markup generator. Create JSON-LD structured data for Article, Product, FAQ, Organization, and LocalBusiness to get rich snippets in Google.",151,Schema Markup Generator (JSON-LD),1720,⚠️ Title too long (92 chars)
https://www.prourlmonitor.com/tools/faq-schema-generator,FAQ Schema Generator - Create FAQPage Structured Data | ProURLMonitor,69,Generate FAQ schema markup for rich snippets in Google search. Create JSON-LD and Microdata FAQPage structured data instantly for better SEO visibility.,152,FAQ Schema Generator,1332,⚠️ Title too long (69 chars)
https://www.prourlmonitor.com/tools/keyword-density-checker,Keyword Density Checker - Analyze Content Keywords for SEO | ProURLMonitor,74,"Free keyword density checker tool. Analyze keyword frequency, find over-optimization, and improve your content's SEO with detailed keyword analysis.",148,Keyword Density Checker,1311,⚠️ Title too long (74 chars)
https://www.prourlmonitor.com/tools/heading-analyzer,Heading Tag Analyzer (H1-H6) - Check SEO Heading Structure | ProURLMonitor,74,"Free heading tag analyzer tool. Check your H1-H6 heading structure, find SEO issues, and optimize your content hierarchy for better rankings.",141,Heading Tag Analyzer (H1-H6),1390,⚠️ Title too long (74 chars)
https://www.prourlmonitor.com/tools/robots-txt-generator,Robots.txt Generator - Create SEO-Friendly Robots File | ProURLMonitor,70,"Free robots.txt generator tool. Create custom robots.txt files for your website with sitemap, disallow rules, and crawl delay settings.",135,Robots.txt Generator,555,"⚠️ Title too long (70 chars) | ⚠️ Low word count (555 words, need 1000+)"
https://www.prourlmonitor.com/tools/xml-html-sitemap-generator,MISSING,0,MISSING,0,XML & HTML Sitemap Generator,2396,❌ No meta title | ❌ No meta description
https://www.prourlmonitor.com/tools/meta-description-generator,Meta Description Generator - AI-Powered SEO Tool | ProURLMonitor,64,"Generate SEO-optimized meta descriptions instantly with our AI-powered tool. Get 5 unique descriptions optimized for 155 characters, keyword-rich, and click-worthy.",164,Meta Description Generator,1236,⚠️ Title too long (64 chars) | ⚠️ Description too long (164 chars)
https://www.prourlmonitor.com/tools/seo-title-generator,SEO Title Tag Generator - Create Click-Worthy Titles | ProURLMonitor,68,"Generate SEO-optimized title tags that rank and get clicks. Get 7 unique title variations with power words, optimal length (50-60 chars), and high CTR potential.",161,SEO Title Tag Generator,1308,⚠️ Title too long (68 chars) | ⚠️ Description too long (161 chars)
https://www.prourlmonitor.com/tools/alt-text-generator,Bulk Alt Text Generator - Upload Images & Generate Alt Text | ProURLMonitor,75,"Generate alt text for single or bulk images. Upload images or enter URLs to create SEO-optimized, accessible alt text instantly. Bulk image alt text generator.",159,Bulk Alt Text Generator,1764,⚠️ Title too long (75 chars)
https://www.prourlmonitor.com/tools/semantic-keyword-finder,Semantic Keyword Finder - LSI Keywords & Related Terms | ProURLMonitor,70,"Find semantic keywords, LSI terms, related keywords, and question-based keywords. Analyze search intent and discover topical clusters for better SEO.",149,Semantic Keyword Finder,1140,⚠️ Title too long (70 chars)
https://www.prourlmonitor.com/tools/internal-linking-assistant,Internal Linking Assistant - Smart Link Suggestions | ProURLMonitor,67,"Optimize internal linking strategy with AI-powered suggestions. Find link opportunities, analyze anchor text, check link density, and improve site structure.",157,Internal Linking Assistant,1136,⚠️ Title too long (67 chars)
https://www.prourlmonitor.com/tools/content-readability-optimizer,Content Readability Optimizer - Flesch Score & SEO Analysis | ProURLMonitor,75,"Analyze and optimize content readability with Flesch Reading Ease score, grade level, passive voice detection, and actionable suggestions for better SEO.",153,Content Readability Optimizer,1208,⚠️ Title too long (75 chars)
https://www.prourlmonitor.com/tools/google-index-checker,Google Index Checker - Check URL Indexing Status | ProURLMonitor,64,"Free Google index checker tool. Check if your URLs are indexed by Google. Verify up to 1,000 webpages at once. Improve SEO and search visibility.",145,Google Index Checker,2377,⚠️ Title too long (64 chars)
https://www.prourlmonitor.com/tools/http-status-checker,"HTTP Status Checker - Check 200, 301, 404, 500 Status Codes | ProURLMonitor",75,"Free HTTP status checker tool. Check multiple URLs for 200, 301, 302, 404, 500 status codes and redirects in bulk.",114,HTTP Status Checker,1156,⚠️ Title too long (75 chars) | ⚠️ Description too short (114 chars)
https://www.prourlmonitor.com/tools/broken-links-checker,Broken Links Checker - Find 404 Errors | ProURLMonitor,54,"Free broken links checker tool. Scan your website for 404 errors, dead links, and broken URLs. Improve SEO and user experience.",127,Broken Links Checker,1414,OK
https://www.prourlmonitor.com/tools/ping-multiple-urls-online,Ping Multiple URLs Online - Submit to Search Engines | ProURLMonitor,68,"Free ping service to submit your URLs and backlinks to multiple search engines. Ping up to 10 URLs at once to Google, Bing, Yahoo, and more.",140,Ping Website URLs & Backlinks,2149,⚠️ Title too long (68 chars)
https://www.prourlmonitor.com/tools/server-status-checker,Server Status Checker - Monitor Server Uptime Online | ProURLMonitor,68,"Free Server Status Checker. Monitor server uptime, check response times, SSL status, and HTTP status codes. Bulk check up to 50 servers.",136,Server Status Checker,493,"⚠️ Title too long (68 chars) | ⚠️ Low word count (493 words, need 1000+)"
https://www.prourlmonitor.com/tools/server-port-scanner,Server Port Scanner - Check Open Ports Online | ProURLMonitor,61,"Free Server Port Scanner. Check 21 common ports including HTTP, HTTPS, FTP, SSH, MySQL, PostgreSQL, MongoDB, RDP. Security analysis included.",141,Server Port Scanner,507,"⚠️ Title too long (61 chars) | ⚠️ Low word count (507 words, need 1000+)"
https://www.prourlmonitor.com/tools/traceroute,Traceroute Tool - Network Path Tracer & Route Analyzer | ProURLMonitor,70,"Free Online Traceroute Tool. Trace network path, view all hops with IP addresses and latency. Identify network bottlenecks and routing issues.",142,Traceroute Tool,542,"⚠️ Title too long (70 chars) | ⚠️ Low word count (542 words, need 1000+)"
https://www.prourlmonitor.com/tools/different-locations-ping,Ping from Different Locations - Global Ping Test Tool | ProURLMonitor,69,"Free Global Ping Test Tool. Test ping from 12 worldwide locations. Check latency, packet loss, and jitter from North America, Europe, Asia, and more.",149,Ping from Different Locations,537,"⚠️ Title too long (69 chars) | ⚠️ Low word count (537 words, need 1000+)"
https://www.prourlmonitor.com/tools/dns-records-checker,"DNS Records Checker - Check A, MX, NS, TXT Records | ProURLMonitor",66,"Free DNS records checker tool. Check A, AAAA, MX, TXT, NS, CNAME, and SOA records for any domain instantly. DNS lookup and verification tool.",141,DNS Records Checker,513,"⚠️ Title too long (66 chars) | ⚠️ Low word count (513 words, need 1000+)"
https://www.prourlmonitor.com/tools/dns-propagation-checker,DNS Propagation Checker - Check DNS Across Global Locations | ProURLMonitor,75,"Free DNS Propagation Checker. Check DNS records propagation across 12 global locations worldwide. Verify A, AAAA, MX, TXT, NS, CNAME records.",141,DNS Propagation Checker,581,"⚠️ Title too long (75 chars) | ⚠️ Low word count (581 words, need 1000+)"
https://www.prourlmonitor.com/tools/dns-report-checker,DNS Report Checker - Complete DNS Health Analysis | ProURLMonitor,65,"Free DNS Report Checker. Comprehensive DNS health analysis with scores, issues, warnings, and recommendations. Check DNS configuration quality.",143,DNS Report Checker,466,"⚠️ Title too long (65 chars) | ⚠️ Low word count (466 words, need 1000+)"
https://www.prourlmonitor.com/tools/reverse-ns-checker,Reverse NS Checker - Find Domains by Nameserver | ProURLMonitor,63,Free Reverse NS Checker tool. Find all domains using the same nameserver. Discover websites hosted on specific DNS servers.,123,Reverse NS Checker,621,"⚠️ Title too long (63 chars) | ⚠️ Low word count (621 words, need 1000+)"
https://www.prourlmonitor.com/tools/domain-authority-checker,MISSING,0,MISSING,0,Domain Authority Checker,574,"❌ No meta title | ❌ No meta description | ⚠️ Low word count (574 words, need 1000+)"
https://www.prourlmonitor.com/tools/bulk-domain-age-checker,MISSING,0,MISSING,0,Bulk Domain Age Checker,21,"❌ No meta title | ❌ No meta description | ⚠️ Low word count (21 words, need 1000+)"
https://www.prourlmonitor.com/tools/bulk-domain-whois-checker,MISSING,0,MISSING,0,Bulk Domain WHOIS Checker,17,"❌ No meta title | ❌ No meta description | ⚠️ Low word count (17 words, need 1000+)"
https://www.prourlmonitor.com/tools/domain-ip-history-checker,MISSING,0,MISSING,0,Domain IP History Checker,1956,❌ No meta title | ❌ No meta description
https://www.prourlmonitor.com/tools/reverse-ip-domain-checker,MISSING,0,MISSING,0,Reverse IP Domain Checker,47,"❌ No meta title | ❌ No meta description | ⚠️ Low word count (47 words, need 1000+)"
https://www.prourlmonitor.com/tools/reverse-whois-checker,MISSING,0,MISSING,0,Reverse WHOIS Checker,14,"❌ No meta title | ❌ No meta description | ⚠️ Low word count (14 words, need 1000+)"
https://www.prourlmonitor.com/tools/class-c-ip-checker,Class C IP Checker - Find Websites on Same IP Range | ProURLMonitor,67,Free Class C IP Checker. Find all websites hosted on the same Class C IP range. Identify shared hosting neighbors and IP infrastructure.,136,Class C IP Checker,671,"⚠️ Title too long (67 chars) | ⚠️ Low word count (671 words, need 1000+)"
https://www.prourlmonitor.com/tools/ip-location,IP Location Finder - IP Geolocation Lookup Tool | ProURLMonitor,63,"Free IP Location Finder. Get IP geolocation with country, city, coordinates, timezone, ISP information. Track IP address locations worldwide.",141,IP Location Finder,570,"⚠️ Title too long (63 chars) | ⚠️ Low word count (570 words, need 1000+)"
https://www.prourlmonitor.com/tools/link-extractor,MISSING,0,MISSING,0,Link Extractor,16,"❌ No meta title | ❌ No meta description | ⚠️ Low word count (16 words, need 1000+)"
https://www.prourlmonitor.com/tools/backlinks-maker,MISSING,0,MISSING,0,Backlinks Maker,2069,❌ No meta title | ❌ No meta description
https://www.prourlmonitor.com/tools/link-search,MISSING,0,MISSING,0,Link Search,13,"❌ No meta title | ❌ No meta description | ⚠️ Low word count (13 words, need 1000+)"
https://www.prourlmonitor.com/tools/social-media-counter,MISSING,0,MISSING,0,Social Media Counter,17,"❌ No meta title | ❌ No meta description | ⚠️ Low word count (17 words, need 1000+)"
https://www.prourlmonitor.com/tools/google-malware-checker,MISSING,0,MISSING,0,Google Malware Checker,41,"❌ No meta title | ❌ No meta description | ⚠️ Low word count (41 words, need 1000+)"
https://www.prourlmonitor.com/tools/google-pagerank-checker,MISSING,0,MISSING,0,Google PageRank Checker,55,"❌ No meta title | ❌ No meta description | ⚠️ Low word count (55 words, need 1000+)"
https://www.prourlmonitor.com/tools/bulk-alexa-rank-checker,MISSING,0,MISSING,0,Bulk Alexa Rank Checker,18,"❌ No meta title | ❌ No meta description | ⚠️ Low word count (18 words, need 1000+)"
https://www.prourlmonitor.com/tools/alexa-rank-comparison,MISSING,0,MISSING,0,Alexa Rank Comparison,21,"❌ No meta title | ❌ No meta description | ⚠️ Low word count (21 words, need 1000+)"
https://www.prourlmonitor.com/tools/word-counter,Word Counter - Character & Sentence Counter | ProURLMonitor,59,"Free word counter tool. Count words, characters, sentences, and paragraphs. Get reading time estimates.",103,Word Counter,11,"⚠️ Description too short (103 chars) | ⚠️ Low word count (11 words, need 1000+)"
https://www.prourlmonitor.com/tools/case-converter,MISSING,0,MISSING,0,Case Converter,600,"❌ No meta title | ❌ No meta description | ⚠️ Low word count (600 words, need 1000+)"
https://www.prourlmonitor.com/tools/text-cleaner,MISSING,0,MISSING,0,Text Cleaner,115,"❌ No meta title | ❌ No meta description | ⚠️ Low word count (115 words, need 1000+)"
https://www.prourlmonitor.com/tools/text-reverser,MISSING,0,MISSING,0,Text Reverser,642,"❌ No meta title | ❌ No meta description | ⚠️ Low word count (642 words, need 1000+)"
https://www.prourlmonitor.com/tools/text-to-slug,MISSING,0,MISSING,0,Text to Slug Generator,581,"❌ No meta title | ❌ No meta description | ⚠️ Low word count (581 words, need 1000+)"
https://www.prourlmonitor.com/tools/find-and-replace,Find and Replace Text Online - Free Text Search & Replace Tool,62,"Free online find and replace tool. Search and replace text with support for regex patterns, case-sensitive matching, and batch replacements. Perfect for text editing and data processing.",186,Find and Replace Text,1430,⚠️ Title too long (62 chars) | ⚠️ Description too long (186 chars)
https://www.prourlmonitor.com/tools/sort-text-lines,"Sort Text Lines Online - Alphabetical, Numerical & Custom Sorting Tool",70,"Free online tool to sort text lines alphabetically, numerically, by length, or randomly. Sort A-Z, Z-A, shuffle lines, and remove duplicates with advanced sorting options.",171,Sort Text Lines,1502,⚠️ Title too long (70 chars) | ⚠️ Description too long (171 chars)
https://www.prourlmonitor.com/tools/remove-line-breaks,Remove Line Breaks Online - Join Text Lines & Remove Extra Spaces,65,"Free online tool to remove line breaks from text. Join multiple lines into one, remove empty lines, clean up formatting, and replace line breaks with custom separators. Perfect for text cleanup and formatting.",209,Remove Line Breaks,1475,⚠️ Title too long (65 chars) | ⚠️ Description too long (209 chars)
https://www.prourlmonitor.com/tools/duplicate-line-remover,MISSING,0,MISSING,0,Duplicate Line Remover,679,"❌ No meta title | ❌ No meta description | ⚠️ Low word count (679 words, need 1000+)"
https://www.prourlmonitor.com/tools/text-diff-checker,Text Diff Checker - Compare Two Texts Online & Find Differences,63,"Free online text comparison tool. Compare two texts side-by-side and highlight differences. Perfect for finding changes, comparing documents, and reviewing edits with line, word, and character-level comparison.",210,Text Diff Checker,1396,⚠️ Title too long (63 chars) | ⚠️ Description too long (210 chars)
https://www.prourlmonitor.com/tools/character-frequency-counter,Character Frequency Counter - Analyze Text Character Distribution Online,72,"Free online character frequency analyzer. Count character occurrences, calculate percentages, and analyze text character distribution. Perfect for cryptography, text analysis, and data science.",193,Character Frequency Counter,1415,⚠️ Title too long (72 chars) | ⚠️ Description too long (193 chars)
https://www.prourlmonitor.com/tools/lorem-ipsum-generator,MISSING,0,MISSING,0,Lorem Ipsum Generator,596,"❌ No meta title | ❌ No meta description | ⚠️ Low word count (596 words, need 1000+)"
https://www.prourlmonitor.com/tools/paraphraser,MISSING,0,MISSING,0,Paraphraser (Coming Soon),73,"❌ No meta title | ❌ No meta description | ⚠️ Low word count (73 words, need 1000+)"
https://www.prourlmonitor.com/tools/plagiarism,MISSING,0,MISSING,0,Plagiarism Checker (Coming Soon),96,"❌ No meta title | ❌ No meta description | ⚠️ Low word count (96 words, need 1000+)"
https://www.prourlmonitor.com/tools/html-beautifier-minifier,HTML Beautifier & Minifier - Format & Compress HTML Code Online | ProURLMonitor,79,Free HTML Beautifier and Minifier Tool. Format messy HTML code with proper indentation or minify to reduce file size. Online HTML formatter with instant results.,161,HTML Beautifier & Minifier,506,"⚠️ Title too long (79 chars) | ⚠️ Description too long (161 chars) | ⚠️ Low word count (506 words, need 1000+)"
https://www.prourlmonitor.com/tools/css-beautifier-minifier,CSS Beautifier & Minifier - Format & Compress CSS Code Online | ProURLMonitor,77,Free CSS Beautifier and Minifier Tool. Format messy CSS code with proper indentation or minify to reduce file size. Optimize CSS for production instantly.,154,CSS Beautifier & Minifier,512,"⚠️ Title too long (77 chars) | ⚠️ Low word count (512 words, need 1000+)"
https://www.prourlmonitor.com/tools/json-beautifier-validator,MISSING,0,MISSING,0,JSON Beautifier & Validator,575,"❌ No meta title | ❌ No meta description | ⚠️ Low word count (575 words, need 1000+)"
https://www.prourlmonitor.com/tools/xml-beautifier-validator,MISSING,0,MISSING,0,XML Beautifier & Validator,646,"❌ No meta title | ❌ No meta description | ⚠️ Low word count (646 words, need 1000+)"
https://www.prourlmonitor.com/tools/sql-formatter,MISSING,0,MISSING,0,SQL Formatter & Beautifier,538,"❌ No meta title | ❌ No meta description | ⚠️ Low word count (538 words, need 1000+)"
https://www.prourlmonitor.com/tools/php-beautifier,MISSING,0,MISSING,0,PHP Beautifier & Formatter,566,"❌ No meta title | ❌ No meta description | ⚠️ Low word count (566 words, need 1000+)"
https://www.prourlmonitor.com/tools/python-formatter,MISSING,0,MISSING,0,Python Formatter,532,"❌ No meta title | ❌ No meta description | ⚠️ Low word count (532 words, need 1000+)"
https://www.prourlmonitor.com/tools/code-syntax-highlighter,MISSING,0,MISSING,0,Code Syntax Highlighter,536,"❌ No meta title | ❌ No meta description | ⚠️ Low word count (536 words, need 1000+)"
https://www.prourlmonitor.com/tools/regex-tester,MISSING,0,MISSING,0,Regex Tester,497,"❌ No meta title | ❌ No meta description | ⚠️ Low word count (497 words, need 1000+)"
https://www.prourlmonitor.com/tools/base64-encoder-decoder,MISSING,0,MISSING,0,Base64 Encoder/Decoder,471,"❌ No meta title | ❌ No meta description | ⚠️ Low word count (471 words, need 1000+)"
https://www.prourlmonitor.com/tools/url-encoder-decoder,MISSING,0,MISSING,0,URL Encoder/Decoder,521,"❌ No meta title | ❌ No meta description | ⚠️ Low word count (521 words, need 1000+)"
https://www.prourlmonitor.com/tools/html-encoder-decoder,MISSING,0,MISSING,0,HTML Encoder/Decoder,632,"❌ No meta title | ❌ No meta description | ⚠️ Low word count (632 words, need 1000+)"
https://www.prourlmonitor.com/tools/jwt-decoder,MISSING,0,MISSING,0,JWT Decoder,623,"❌ No meta title | ❌ No meta description | ⚠️ Low word count (623 words, need 1000+)"
https://www.prourlmonitor.com/tools/ascii-converter,MISSING,0,MISSING,0,ASCII Converter,640,"❌ No meta title | ❌ No meta description | ⚠️ Low word count (640 words, need 1000+)"
https://www.prourlmonitor.com/tools/binary-translator,Binary Translator - Text to Binary Converter | ProURLMonitor,60,Free binary translator tool. Convert text to binary code and binary to text instantly.,86,Binary Translator,913,"⚠️ Description too short (86 chars) | ⚠️ Low word count (913 words, need 1000+)"
https://www.prourlmonitor.com/tools/rot13-cipher,MISSING,0,MISSING,0,ROT13 & Caesar Cipher,856,"❌ No meta title | ❌ No meta description | ⚠️ Low word count (856 words, need 1000+)"
https://www.prourlmonitor.com/tools/md5-generator,MISSING,0,MISSING,0,MD5 Hash Generator,496,"❌ No meta title | ❌ No meta description | ⚠️ Low word count (496 words, need 1000+)"
https://www.prourlmonitor.com/tools/sha256-generator,MISSING,0,MISSING,0,SHA-256 Hash Generator,668,"❌ No meta title | ❌ No meta description | ⚠️ Low word count (668 words, need 1000+)"
https://www.prourlmonitor.com/tools/sha512-generator,MISSING,0,MISSING,0,SHA-512 Hash Generator,783,"❌ No meta title | ❌ No meta description | ⚠️ Low word count (783 words, need 1000+)"
https://www.prourlmonitor.com/tools/hex-to-rgb,HEX to RGB Converter - Convert HEX Color to RGB Online | ProURLMonitor,70,"Free HEX to RGB converter. Convert hexadecimal color codes to RGB values instantly. Supports 3, 6, and 8-digit HEX codes with alpha channel. Copy RGB, RGBA, or CSS format.",171,HEX to RGB Converter,950,"⚠️ Title too long (70 chars) | ⚠️ Description too long (171 chars) | ⚠️ Low word count (950 words, need 1000+)"
https://www.prourlmonitor.com/tools/rgb-to-hex,RGB to HEX Converter - Convert RGB Color to HEX Online | ProURLMonitor,70,"Free RGB to HEX converter. Convert RGB color values to hexadecimal color codes instantly. Supports alpha channel, shorthand notation, and CSS format output.",156,RGB to HEX Converter,1124,⚠️ Title too long (70 chars)
https://www.prourlmonitor.com/tools/hsl-to-rgb,HSL to RGB Converter - Convert HSL Color to RGB Online | ProURLMonitor,70,"Free HSL to RGB converter. Convert HSL (Hue, Saturation, Lightness) color values to RGB instantly. Interactive sliders with real-time preview and multiple output formats.",170,HSL to RGB Converter,1150,⚠️ Title too long (70 chars) | ⚠️ Description too long (170 chars)
https://www.prourlmonitor.com/tools/rgb-to-hsl,RGB to HSL Converter - Convert RGB Color to HSL Online | ProURLMonitor,70,"Free RGB to HSL converter. Convert RGB (Red, Green, Blue) color values to HSL (Hue, Saturation, Lightness) instantly. Interactive sliders with real-time preview.",161,RGB to HSL Converter,1202,⚠️ Title too long (70 chars) | ⚠️ Description too long (161 chars)
https://www.prourlmonitor.com/tools/cmyk-to-rgb,CMYK to RGB Converter - Convert CMYK Color to RGB Online | ProURLMonitor,72,"Free CMYK to RGB converter. Convert CMYK (Cyan, Magenta, Yellow, Black) print colors to RGB screen colors instantly. Perfect for print to digital color conversion.",163,CMYK to RGB Converter,1176,⚠️ Title too long (72 chars) | ⚠️ Description too long (163 chars)
https://www.prourlmonitor.com/tools/rgb-to-cmyk,RGB to CMYK Converter - Convert RGB Color to CMYK Online | ProURLMonitor,72,"Free RGB to CMYK converter. Convert RGB (Red, Green, Blue) screen colors to CMYK (Cyan, Magenta, Yellow, Black) print colors instantly. Check Total Ink Coverage.",161,RGB to CMYK Converter,1189,⚠️ Title too long (72 chars) | ⚠️ Description too long (161 chars)
https://www.prourlmonitor.com/tools/color-palette-generator,Color Palette Generator - Create Harmonious Color Schemes Online | ProURLMonitor,80,"Free color palette generator. Create beautiful harmonious color schemes using complementary, triadic, analogous, and more color theory principles. Perfect for designers.",169,Color Palette Generator,1363,⚠️ Title too long (80 chars) | ⚠️ Description too long (169 chars)
https://www.prourlmonitor.com/tools/color-shades-generator,"Color Shades Generator - Create Tints, Shades & Tones Online | ProURLMonitor",76,"Free color shades generator. Create tints (lighter), shades (darker), and tones (muted) variations of any color. Perfect for creating cohesive color systems.",157,Color Shades Generator,1235,⚠️ Title too long (76 chars)
https://www.prourlmonitor.com/tools/color-mixer,Color Mixer - Mix Two Colors Online | ProURLMonitor,51,Free color mixer tool. Mix two colors with RGB or HSL blending modes. Create color gradients and find intermediate colors between any two colors.,145,Color Mixer,1050,OK
https://www.prourlmonitor.com/tools/color-name-finder,Color Name Finder - Identify Color Names from HEX Codes | ProURLMonitor,71,Free color name finder. Identify color names from HEX codes. Find similar colors and explore color categories. Perfect for designers and developers.,148,Color Name Finder,945,"⚠️ Title too long (71 chars) | ⚠️ Low word count (945 words, need 1000+)"
https://www.prourlmonitor.com/tools/binary-converter,MISSING,0,MISSING,0,Binary Encoder/Decoder,581,"❌ No meta title | ❌ No meta description | ⚠️ Low word count (581 words, need 1000+)"
https://www.prourlmonitor.com/tools/binary-calculator,"Binary Calculator - Add, Subtract, Multiply & Divide Binary Numbers | ProURLMonitor",83,"Free online binary calculator for adding, subtracting, multiplying, and dividing binary numbers. Get instant results in binary, decimal, and hexadecimal formats.",161,Binary Calculator,1585,⚠️ Title too long (83 chars) | ⚠️ Description too long (161 chars)
https://www.prourlmonitor.com/tools/binary-to-decimal,Binary to Decimal Converter - Free Online Tool | ProURLMonitor,62,"Convert binary numbers to decimal instantly with our free online binary to decimal converter. Get results in decimal, hexadecimal, and octal formats with step-by-step conversion guide.",184,Binary to Decimal Converter,1427,⚠️ Title too long (62 chars) | ⚠️ Description too long (184 chars)
https://www.prourlmonitor.com/tools/binary-to-hex,Binary to Hex Converter - Free Online Tool | ProURLMonitor,58,"Convert binary numbers to hexadecimal instantly with our free online binary to hex converter. Get results in hexadecimal, decimal, and octal formats with step-by-step conversion guide.",184,Binary to Hex Converter,1401,⚠️ Description too long (184 chars)
https://www.prourlmonitor.com/tools/binary-to-octal,Binary to Octal Converter - Free Online Tool | ProURLMonitor,60,"Convert binary numbers to octal instantly with our free online binary to octal converter. Get results in octal, decimal, and hexadecimal formats with step-by-step conversion guide.",180,Binary to Octal Converter,1320,⚠️ Description too long (180 chars)
https://www.prourlmonitor.com/tools/decimal-to-binary,Decimal to Binary Converter - Free Online Tool | ProURLMonitor,62,"Convert decimal numbers to binary instantly with our free online decimal to binary converter. Get results in binary, hexadecimal, and octal formats with step-by-step conversion guide.",183,Decimal to Binary Converter,1173,⚠️ Title too long (62 chars) | ⚠️ Description too long (183 chars)
https://www.prourlmonitor.com/tools/decimal-to-hex,Decimal to Hex Converter - Free Online Tool | ProURLMonitor,59,"Convert decimal numbers to hexadecimal instantly with our free online decimal to hex converter. Get results in hex, binary, and octal formats with step-by-step conversion guide.",177,Decimal to Hex Converter,996,"⚠️ Description too long (177 chars) | ⚠️ Low word count (996 words, need 1000+)"
https://www.prourlmonitor.com/tools/hex-converter,MISSING,0,MISSING,0,Hex Encoder/Decoder,537,"❌ No meta title | ❌ No meta description | ⚠️ Low word count (537 words, need 1000+)"
https://www.prourlmonitor.com/tools/hex-to-binary,Hex to Binary Converter - Free Online Tool | ProURLMonitor,58,"Convert hexadecimal numbers to binary instantly with our free online hex to binary converter. Get results in binary, decimal, and octal formats with step-by-step conversion guide.",179,Hex to Binary Converter,1158,⚠️ Description too long (179 chars)
https://www.prourlmonitor.com/tools/hex-to-decimal,Hex to Decimal Converter - Free Online Tool | ProURLMonitor,59,"Convert hexadecimal to decimal instantly with our free online hex to decimal converter. Get results in decimal, binary, and octal formats with step-by-step conversion guide.",173,Hex to Decimal Converter,1069,⚠️ Description too long (173 chars)
https://www.prourlmonitor.com/tools/octal-to-binary,Octal to Binary Converter - Free Online Tool | ProURLMonitor,60,"Convert octal numbers to binary instantly with our free online octal to binary converter. Get results in binary, decimal, and hexadecimal formats with step-by-step conversion guide.",181,Octal to Binary Converter,1287,⚠️ Description too long (181 chars)
https://www.prourlmonitor.com/tools/octal-to-decimal,Octal to Decimal Converter - Free Online Tool | ProURLMonitor,61,"Convert octal numbers to decimal instantly with our free online octal to decimal converter. Get results in decimal, binary, and hexadecimal formats with step-by-step conversion guide.",183,Octal to Decimal Converter,1338,⚠️ Title too long (61 chars) | ⚠️ Description too long (183 chars)
https://www.prourlmonitor.com/tools/bitwise-operations,"Bitwise Operations Calculator - AND, OR, XOR, NOT | ProURLMonitor",65,"Free online bitwise operations calculator. Perform AND, OR, XOR, NOT, NAND, NOR, XNOR operations on binary numbers with step-by-step bit-by-bit breakdown and instant results.",174,Bitwise Operations Calculator,942,"⚠️ Title too long (65 chars) | ⚠️ Description too long (174 chars) | ⚠️ Low word count (942 words, need 1000+)"
https://www.prourlmonitor.com/tools/twos-complement-calculator,Two's Complement Calculator - Free Online Tool | ProURLMonitor,62,"Calculate two's complement of binary numbers instantly with our free online calculator. Convert positive and negative binary numbers with step-by-step explanation for 8-bit, 16-bit, and 32-bit systems.",201,Two's Complement Calculator,1202,⚠️ Title too long (62 chars) | ⚠️ Description too long (201 chars)
https://www.prourlmonitor.com/tools/image-compress,MISSING,0,MISSING,0,Image Compressor,138,"❌ No meta title | ❌ No meta description | ⚠️ Low word count (138 words, need 1000+)"
https://www.prourlmonitor.com/tools/submit,MISSING,0,MISSING,0,Submit URL,10,"❌ No meta title | ❌ No meta description | ⚠️ Low word count (10 words, need 1000+)"
https://www.prourlmonitor.com/tools/bulk,MISSING,0,MISSING,0,Bulk Upload,31,"❌ No meta title | ❌ No meta description | ⚠️ Low word count (31 words, need 1000+)"
